{
  "modulesContent": {
    "$edgeAgent": {
      "properties.desired": {
        "schemaVersion": "1.0",
        "runtime": {
          "type": "docker",
          "settings": {
            "minDockerVersion": "v1.25",
            "loggingOptions": "",
            "registryCredentials": {
              "3ebd90572dc84c2b85bf2b983aff1dfb": {
                "username": "3ebd90572dc84c2b85bf2b983aff1dfb",
                "password": "tKeZR7xt7OXdO6xD0MK7JB=32qTzY6rL",
                "address": "3ebd90572dc84c2b85bf2b983aff1dfb.azurecr.io"
              },
              "docker": {
                "username": "$CONTAINER_REGISTRY_USERNAME_docker",
                "password": "$CONTAINER_REGISTRY_PASSWORD_docker",
                "address": "docker.io"
              }
            }
          }
        },
        "systemModules": {
          "edgeAgent": {
            "type": "docker",
            "settings": {
              "image": "mcr.microsoft.com/azureiotedge-agent:1.0",
              "createOptions": "{}"
            }
          },
          "edgeHub": {
            "type": "docker",
            "status": "running",
            "restartPolicy": "always",
            "settings": {
              "image": "mcr.microsoft.com/azureiotedge-hub:1.0",
              "createOptions": "{\"HostConfig\":{\"PortBindings\":{\"5671/tcp\":[{\"HostPort\":\"5671\"}],\"8883/tcp\":[{\"HostPort\":\"8883\"}],\"443/tcp\":[{\"HostPort\":\"443\"}]}}}"
            }
          }
        },
        "modules": {
          "turbofanRulClassifier": {
            "version": "1.0",
            "type": "docker",
            "status": "running",
            "restartPolicy": "always",
            "settings": {
              "image": "3ebd90572dc84c2b85bf2b983aff1dfb.azurecr.io/edgemlsample:32",
              "createOptions": "{}"
            }
          },
          "turbofanRouter": {
            "version": "1.0",
            "type": "docker",
            "status": "running",
            "restartPolicy": "always",
            "settings": {
              "image": "3ebd90572dc84c2b85bf2b983aff1dfb.azurecr.io:0.0.1-amd64",
              "createOptions": "{}"
            }
          },
          "avroFileWriter": {
            "version": "1.0",
            "type": "docker",
            "status": "running",
            "restartPolicy": "always",
            "settings": {
              "image": "turbofanacrguqalfee.azurecr.io/avrofilewriter:0.0.1-amd64",
              "createOptions": "{\"HostConfig\":{\"Binds\":[\"/data/avrofiles:/avrofiles\",\"/etc/iotedge:/app/iotconfig\"]}}"
            }
          }
        }
      }
    },
    "$edgeHub": {
      "properties.desired": {
        "schemaVersion": "1.0",
        "routes": {
          "leafMessagesToRouter": "FROM /messages/* WHERE NOT IS_DEFINED($connectionModuleId) INTO BrokeredEndpoint(\"/modules/turbofanRouter/inputs/deviceInput\")",
          "classifierToRouter": "FROM /messages/modules/turbofanRulClassifier/outputs/amlOutput INTO BrokeredEndpoint(\"/modules/turbofanRouter/inputs/rulInput\")",
          "routerToClassifier": "FROM /messages/modules/turbofanRouter/outputs/classOutput INTO BrokeredEndpoint(\"/modules/turbofanRulClassifier/inputs/amlInput\")",
          "routerToIoTHub": "FROM /messages/modules/turboFanRouter/outputs/hubOutput INTO $upstream",
          "routerToAvro": "FROM /messages/modules/turbofanRouter/outputs/avroOutput INTO BrokeredEndpoint(\"/modules/avroFileWriter/inputs/avroModuleInput\")",
          "deadLetter": "FROM /messages/modules/turboFanRouter/outputs/deadMessages INTO $upstream"
        },
        "storeAndForwardConfiguration": {
          "timeToLiveSecs": 7200
        }
      }
    }
  }
}